Layer,Head,Prompt,Input_Type,Comment,Pattern_Categories
10,1,15,1,and strong vertical sep lines,"['vertical sep lines', 'and strong', 'vertical sep', 'strong vertical', 'sep lines']"
10,7,15,1,very strong vertical sep lines,"['vertical sep lines', 'very strong', 'vertical sep', 'strong vertical', 'sep lines']"
10,8,15,1,very strong vertical sep lines,"['vertical sep lines', 'very strong', 'vertical sep', 'strong vertical', 'sep lines']"
10,0,15,1,apart from that mostly noise in and between blocks,"['apart from', 'and between', 'from that', 'in and', 'mostly noise', 'noise in', 'that mostly', 'between blocks']"
10,9,15,1,again outside of these regions very strong vertical sep lines,"['vertical sep lines', 'very strong', 'these regions', 'of these', 'regions very', 'of the', 'vertical sep', 'strong vertical', 'sep lines', 'outside of', 'again outside']"
10,10,15,1,tokens attending to themselves (diagonal),"['tokens attending to themselves', 'tokens at', 'to the', 'to themselves', 'themselves (diagonal)', 'tokens attending', 'tokens attend', 'attending to']"
10,10,15,1,again all tokens of second block attending to subject and property of last fact in theory,"['second block', 'all tokens', 'tokens of', 'fact in', 'block attending', 'to subject', 'of second', 'last fact', 'subject and', 'again all', 'attending to', 'property of', 'in the', 'in theory', 'and property', 'of last']"
10,10,15,1,tokens in non-query-fact regions attend to properties of premise and consequence of if-statement,"['regions attend', 'to properties', 'properties of', 'of premise', 'tokens in', 'consequence of', 'of if-statement', 'in no', 'and consequence', 'non-query-fact regions', 'premise and', 'attend to', 'in non-query-fact']"
10,11,15,1,again only very strong vertical sep lines,"['vertical sep lines', 'very strong', 'again only', 'only very', 'vertical sep', 'strong vertical', 'sep lines']"
10,2,15,1,only very strong vertical sep lines,"['vertical sep lines', 'very strong', 'only very', 'vertical sep', 'strong vertical', 'sep lines']"
9,0,15,1,fact tokens attending to themselves,"['tokens attending to themselves', 'tokens at', 'to the', 'to themselves', 'fact tokens', 'tokens attending', 'tokens attend', 'attending to']"
9,0,15,1,implicit if-statement tokens attending in no clear pattern,"['if-statement tokens', 'attending in', 'tokens at', 'clear pattern', 'tokens attending', 'in no', 'implicit if-statement', 'tokens attend', 'no clear']"
9,0,15,1,if-statement attending to properties at end of both its premise and consequence,"['both its', 'properties at', 'to properties', 'at end', 'of both', 'if-statement attending', 'its premise', 'end of', 'and consequence', 'attending to', 'premise and']"
10,3,15,1,very slightly,['very slightly']
10,3,15,1,but mostly: very strong vertical sep lines,"['vertical sep lines', 'very strong', 'but most', 'mostly: very', 'vertical sep', 'strong vertical', 'sep lines', 'but mostly:']"
10,6,15,1,again outside of these regions very strong vertical sep lines,"['vertical sep lines', 'very strong', 'these regions', 'of these', 'regions very', 'of the', 'vertical sep', 'strong vertical', 'sep lines', 'outside of', 'again outside']"
10,5,15,1,again outside of these regions very strong vertical sep lines,"['vertical sep lines', 'very strong', 'these regions', 'of these', 'regions very', 'of the', 'vertical sep', 'strong vertical', 'sep lines', 'outside of', 'again outside']"
9,9,15,1,no clear pattern except:,"['clear pattern', 'pattern except:', 'no clear']"
9,9,15,1,vertical lines at sep tokens,"['vertical line', 'at sep', 'lines at', 'sep tokens', 'vertical lines']"
9,9,15,1,in-block region attention: mostly attention of several tokens to properties inside block (also some outside block),"['to properties', 'region attention:', '(also some', 'properties in', 'region at', 'properties inside', 'outside block)', 'of several', 'attention: mostly', 'block (also', 'inside block', 'attention of', 'some outside', 'several tokens', 'mostly attention', 'tokens to', 'in-block region']"
9,11,15,1,only strong vertical sep lines,"['vertical sep lines', 'vertical sep', 'strong vertical', 'only strong', 'sep lines']"
9,8,15,1,tokens of premise and consequence attending to property of premise,"['tokens of', 'of premise', 'and consequence', 'to property', 'attending to', 'premise and', 'property of', 'consequence attending']"
9,8,15,1,also strong attention to tokens outside of main diagonal block regions: tokens of second block attending to property of premise of if-statement,"['regions: tokens', 'second block', 'tokens of', 'of premise', 'block attending', 'strong attention', 'of main', 'attention to', 'tokens outside', 'of if-statement', 'of second', 'outside of', 'diagonal block', 'premise of', 'to property', 'also strong', 'block regions:', 'main diagonal', 'attending to', 'block regions', 'property of', 'to tokens']"
9,10,15,1,vertical sep lines,"['vertical sep lines', 'vertical sep', 'sep lines']"
9,10,15,1,again attention inside (ans slightly outside) blocks of several tokens (mostly 'is' and delimiters) to subject and properties in block,"['in block', 'and delimiters)', 'attention in', 'properties in', 'blocks of', 'to subject', 'inside (ans', 'of several', 'and properties', 'again attention', 'slightly outside)', 'outside) blocks', 'subject and', ""'is' and"", ""(mostly 'is'"", '(ans slightly', 'several tokens', 'attention inside', 'tokens (mostly', 'delimiters) to']"
9,7,15,1,again if-statement attending to properties of both premise and consequence,"['to properties', 'both premise', 'properties of', 'of both', 'if-statement attending', 'again if-statement', 'and consequence', 'in if-statement', 'attending to', 'premise and']"
9,1,15,1,no clear pattern here,"['clear pattern', 'no clear', 'pattern here']"
9,1,15,1,if-statement attending to subject and property tokens of its own statements,"['property tokens', 'property token', 'tokens of', 'if-statement attending', 'to subject', 'own statements', 'subject and', 'of its', 'attending to', 'its own', 'and property']"
8,10,15,1,strong vertical lines except for where attention is given to other tokens (of course since sum has to be 1 (attentions are normalized)),"['lines except', 'attention is', '1 (attentions', 'sum has', 'vertical line', 'strong vertical', 'given to', 'for where', 'are normalized))', 'to be', 'has to', 'course since', 'except for', 'be 1', 'is given', 'where attention', '(attentions are', 'tokens (of', 'since sum', 'other tokens', '(of course', 'to other', 'vertical lines']"
8,11,15,1,attention inside block regions,"['attention in', 'inside block', 'block regions', 'attention inside']"
8,11,15,1,no notable (sub) patterns inside of blocks,"['notable (sub)', 'no notable', 'inside of', 'of block', '(sub) patterns', 'of blocks', 'patterns inside']"
8,11,15,1,again vertical lines,"['vertical line', 'vertical lines', 'again vertical']"
8,9,15,1,attention inside of block regions determined by seperation of theory into statements,"['regions determined', 'attention in', 'of the', 'by seperation', 'determined by', 'of theory', 'inside of', 'of block', 'theory into', 'seperation of', 'block regions', 'attention inside', 'into statements']"
8,9,15,1,most notably statements attending to their own property (at the end of the statement),"['at the', 'the end', 'statements attend', '(at the', 'statements attending', 'of the', 'the statement)', 'most notably', 'property (at', 'to the', 'end of', 'their own', 'own property', 'notably statements', 'to their', 'attending to']"
9,5,15,1,second block region: attention of all tokens (except delimiters between statements i.e. facts and implicit rule) to all subjects and properties in this block,"['i.e. facts', 'second block', 'in this', 'of all', 'all tokens', 'properties in', 'implicit rule)', 'of a', 'and implicit', 'statements i.e.', 'tokens (except', 'delimiters between', 'facts and', 'rule) to', 'and properties', 'region: attention', 'between statements', 'to all', 'this block', 'block region:', 'attention of', '(except delimiters', 'subjects and', 'all subjects']"
9,5,15,1,if-statement attends to last property tokens of both premise and consequence,"['to last', 'property tokens', 'both premise', 'property token', 'statement attends', 'tokens of', 'of both', 'last property', 'attends to', 'and consequence', 'if-statement attends', 'premise and']"
8,6,15,1,tokens very slightly attending to previous tokens in statement,"['in statement', 'tokens in', 'previous tokens', 'very slightly', 'tokens very', 'to previous', 'attending to', 'slightly attending', 'previous token']"
8,7,15,1,delimiters and 'is' attend to tokens in tokens in second block (implicit if-statement block),"['second block', ""and 'is'"", 'if-statement block)', 'tokens in', 'block (implicit', 'in to', ""'is' attend"", 'delimiters and', 'in second', 'implicit if-statement', 'attend to', 'to tokens', 'if-statement block', '(implicit if-statement', 'in tokens']"
8,7,15,1,in if-statement block region: minecraft pig pattern: delimiters 'if' and 'then' attending to following and/or preceding statement(s) (premise and consequence),"['pattern: delimiters', 'pig pattern:', 'statement(s) (premise', ""'then' attending"", 'minecraft pig', 'to following', 'and/or preceding', 'following and/or', ""and 'then'"", ""delimiters 'if'"", 'and consequence)', '(premise and', 'and consequence', 'region: minecraft', 'block region:', 'in if-statement', 'preceding statement(s)', 'attending to', 'premise and', 'if-statement block', ""'if' and""]"
8,7,15,1,subject of statements attend to body of premise and consequence,"['body of', 'statements attend', 'to body', 'of premise', 'and consequence', 'of statements', 'premise and', 'attend to', 'subject of']"
8,7,15,1,'is' of statements attends to body or premise and consequence but most strongly to subject and property of those statements,"['statements attends', 'but most', 'statements attend', 'to body', 'consequence but', 'to subject', 'attends to', ""'is' of"", 'and consequence', 'those statements', 'subject and', 'of statements', 'premise and', 'property of', 'of those', 'most strongly', 'or premise', 'strongly to', 'and property', 'body or']"
8,5,15,1,'if' attending to the premise,"['to the', 'attending to', ""'if' attending"", 'the premise']"
8,5,15,1,'then' attending to the consequence,"[""'then' attending"", 'to the', 'the consequence', 'attending to']"
8,4,15,1,strong vertical lines,"['vertical line', 'strong vertical', 'vertical lines']"
8,4,15,1,attention only in block regions which are not the regions including the query fact,"['query fact', 'in block', 'regions including', 'attention only', 'which are', 'the regions', 'including the', 'not the', 'are not', 'block regions', 'regions which', 'only in', 'the query']"
8,4,15,1,then attends strongly to 'if',"['attends strongly', 'then attends', ""to 'if'"", 'strongly to']"
8,0,15,1,again cls tokens attending to query region,"['cls tokens', 'tokens at', 'query region', 'to query', 'tokens attending', 'tokens attend', 'again cls', 'attending to']"
8,0,15,1,interestingly strongest attention to 'is' token of query fact for all these positions,"['query fact', 'these positions', 'fact for', ""'is' token"", 'all these', ""to 'is'"", 'token of', ""'is' to"", 'attention to', 'for all', 'of query', 'strongest attention', 'interestingly strongest']"
7,3,15,1,again attention in block form in lower triangular part for if-statement,"['lower triangular', 'part for', 'in block', 'attention in', 'for if-statement', 'form in', 'again attention', 'in lower', 'block form', 'triangular part']"
7,3,15,1,strong vertical sep-lines,"['vertical sep', 'strong vertical', 'vertical sep-lines']"
7,1,15,1,no super clear patterns,"['no super', 'clear patterns', 'super clear', 'clear pattern']"
7,1,15,1,in if-statement tokens in premise and consequence attending to next token,"['if-statement tokens', 'in premise', 'tokens in', 'and consequence', 'next token', 'in if-statement', 'attending to', 'premise and', 'to next', 'consequence attending']"
7,1,15,1,is and dots attending to next dot and is respectively,"['next dot', 'dot and', 'dots attend', 'and dots', 'and dot', 'is respectively', 'and is', 'dots attending', 'attending to', 'is and', 'to next']"
7,7,15,1,agains cls tokens attending to whole query region,"['cls tokens', 'to whole', 'agains cls', 'tokens at', 'query region', 'tokens attending', 'tokens attend', 'attending to', 'whole query']"
7,7,15,1,leakage at query fact in theory position in to query region bordered by vertical sep lines,"['vertical sep lines', 'query fact', 'bordered by', 'region bordered', 'position in', 'fact in', 'query region', 'vertical sep', 'to query', 'at query', 'in to', 'sep lines', 'theory position', 'by vertical', 'leakage at', 'in the', 'in theory']"
7,8,15,1,relevant (no in common part) of rule attends to 'are' token,"[""'are' token"", 'common part)', 'part) of', '(no in', 'in common', 'rule attends', 'attends to', 'relevant (no', 'of rule', ""to 'are'""]"
7,8,15,1,premise attends to 'then' following it starting the consequence,"['premise attend', 'starting the', 'the consequence', ""to 'then'"", 'attends to', ""'then' following"", 'following it', 'it starting', 'premise attends']"
7,8,15,1,leakage into query region at query fact in theory position,"['query fact', 'region at', 'fact in', 'query region', 'to query', 'at query', 'theory position', 'into query', 'in the', 'leakage into', 'in theory']"
7,11,15,1,'is' attends to subject in both premise and consequence of it-statement,"['both premise', ""'is' attends"", 'to subject', 'attends to', 'of it-statement', 'consequence of', 'subject in', ""'is' attend"", 'and consequence', 'in both', 'premise and']"
7,11,15,1,-again cls tokens and subject of query fact in theory and in query and last dot of theory attending to first 2 cls tokens,"['cls tokens', 'query fact', 'first 2', '-again cls', '2 cls', 'to first', 'and subject', 'fact in', 'last dot', 'of the', 'theory attending', 'and in', 'dot of', 'of theory', 'and last', 'tokens and', 'query and', 'again cls', 'in query', 'attending to', 'of query', 'in the', 'subject of', 'in theory', 'theory attend', 'theory and']"
7,11,15,1,leakage into query region at position of query fact in theory,"['query fact', 'region at', 'fact in', 'position of', 'query region', 'at position', 'to query', 'of query', 'into query', 'in the', 'leakage into', 'in theory']"
7,11,15,1,last dot of theory also again attends to query region (and itself),"['last dot', 'query region', 'of the', 'to query', 'also again', 'dot of', 'theory also', 'attends to', 'of theory', '(and itself)', 'region (and', 'again attends']"
7,6,15,1,slight attention in small blocks on mail diagonal,"['attention in', 'in small', 'small blocks', 'slight attention', 'blocks on', 'mail diagonal', 'on mail']"
7,6,15,1,strong vertical sep-lines,"['vertical sep', 'strong vertical', 'vertical sep-lines']"
7,6,15,1,cls tokens attend to whole query region,"['cls tokens', 'to whole', 'tokens at', 'query region', 'tokens attend', 'whole query', 'attend to']"
3,7,15,1,delimiters and 'is' attending to delimiters (but comma not attending to other delimiters besides comma),"['comma not', 'delimiters besides', '(but comma', ""and 'is'"", 'other delimiters', 'to delimiters', ""'is' attending"", 'delimiters (but', ""'is' attend"", 'besides comma)', 'delimiters and', 'not attending', 'attending to', 'to other']"
3,9,15,1,properties (i.e. 'cold') attend to [CLS] token,"[""'cold') attend"", ""(i.e. 'cold')"", 'to [CLS]', 'properties (i.e.', '[CLS] token', 'attend to']"
3,11,15,1,'is' attends to '.' of previous statement and subject of current statement,"['of current', 'and subject', ""'is' attends"", 'current statement', 'of previous', ""'.' of"", ""to '.'"", 'attends to', ""'is' attend"", 'previous statement', 'statement and', 'subject of']"
3,11,15,1,most strongly property attends to subject,"['property attends', 'to subject', 'attends to', 'property at', 'property attend', 'strongly property', 'most strongly']"
3,11,15,1,'.' of current statement attends slightly to subject and 'is' of current statement,"['of current', 'statement attends', 'slightly to', ""and 'is'"", 'current statement', ""'.' of"", 'to subject', ""'is' of"", 'subject and', 'attends slightly']"
3,11,15,1,- again subjects attending to [CLS] token albeit weakly,"['albeit weakly', 'again subjects', 'token albeit', 'subjects attending', 'to [CLS]', '[CLS] token', 'attending to']"
3,0,15,1,start of formation of vertical lines at [sep] tokens,"['vertical line', 'of vertical', 'at [sep]', '[sep] tokens', '[sep] to', 'formation of', 'lines at', 'of formation', 'start of', 'vertical lines']"
3,1,15,1,clearer formation of vertical lines at [sep] tokens,"['vertical line', 'of vertical', 'at [sep]', '[sep] tokens', '[sep] to', 'formation of', 'lines at', 'clearer formation', 'vertical lines']"
3,1,15,1,similar square pattern around tokens starting and ending query (attend to each other and themselves),"['tokens starting', 'to each', 'square pattern', 'and the', 'each other', 'similar square', 'ending query', 'query (attend', 'starting and', 'other and', 'pattern around', 'and themselves)', 'attend to', 'around tokens', '(attend to', 'and ending']"
3,2,15,1,formation of vertical lines,"['vertical line', 'of vertical', 'formation of', 'vertical lines']"
3,2,15,1,very strong attention from [sep] to [sep] tokens,"['very strong', 'strong attention', '[sep] tokens', '[sep] to', 'attention from', 'from [sep]', 'to [sep]']"
3,2,15,1,less attention to [sep] tokens when already attended to previous tokens,"['less attention', 'when already', 'attention to', 'previous tokens', '[sep] tokens', '[sep] to', 'tokens when', 'already attended', 'to previous', 'attended to', 'previous token', 'to [sep]']"
3,3,15,1,most of tokens in if-statements (part differing across if-statements) attends to property token in consequence of if-statements,"['in consequence', 'property token', 'of if-statements', 'across if-statements)', '(part differing', 'differing across', 'tokens in', 'if-statements) attends', 'attends to', 'consequence of', 'of if-statement', 'most of', 'to property', 'token in', 'if-statements (part', 'in if-statement', 'of tokens', 'in if-statements']"
3,4,15,1,[sep] tokens attending to first [cls] token,"['first [cls]', 'to first', 'tokens at', '[sep] tokens', '[sep] to', 'tokens attending', 'tokens attend', 'attending to', '[cls] token']"
3,5,15,1,some subjects and properties attend to first [cls] token,"['first [cls]', 'to first', 'properties at', 'and properties', 'properties attend', 'some subjects', 'attend to', 'subjects and', '[cls] token']"
3,5,15,1,in general tokens attend to the previous token,"['in general', 'general tokens', 'tokens at', 'to the', 'the previous', 'tokens attend', 'attend to', 'previous token']"
3,6,15,1,subjects and properties attend to first [cls] token,"['first [cls]', 'to first', 'properties at', 'and properties', 'properties attend', 'attend to', 'subjects and', '[cls] token']"
3,6,15,1,delimiters attending to delimiters and 'is' attending to 'is' (and semantically similar tokens like 'are'),"[""like 'are')"", 'delimiters attending', ""and 'is'"", 'semantically similar', 'to delimiters', ""to 'is'"", ""'is' attending"", '(and semantically', 'tokens like', ""'is' attend"", 'similar tokens', 'delimiters and', 'similar to', 'attending to', ""'is' (and""]"
7,10,15,1,O-pattern for facts (which are not in query):,"['facts (which', 'O-pattern for', 'pattern for', 'which are', 'in query):', 'for facts', 'not in', '(which are', 'are not', 'in query']"
7,10,15,1,preceding dot attends to following fact,"['following fact', 'to following', 'attends to', 'preceding dot', 'dot attends']"
7,10,15,1,its 'is' token attends to the fact,"[""'is' token"", ""'is' to"", 'to the', 'attends to', 'token at', 'the fact', ""its 'is'"", 'token attends']"
7,10,15,1,cls tokens attending to 'is' and property of query fact in query,"['cls tokens', 'query fact', 'fact in', 'tokens at', ""to 'is'"", 'tokens attending', ""'is' and"", 'tokens attend', 'in query', 'attending to', 'of query', 'property of', 'and property']"
7,10,15,1,also query fact in theory attending to these 2 tokens of query fact in query,"['query fact', '2 tokens', 'tokens of', 'to these', 'fact in', 'theory attending', 'to the', 'in query', 'attending to', 'these 2', 'of query', 'in the', 'also query', 'in theory', 'theory attend']"
7,10,15,1,also again last dot attending to these 2 tokens of query fact in query,"['query fact', '2 tokens', 'tokens of', 'to these', 'fact in', 'last dot', 'dot attending', 'also again', 'again last', 'to the', 'in query', 'attending to', 'these 2', 'of query']"
7,10,15,1,also query fact itself attending to these two tokens of query fact in query,"['query fact', 'fact itself', 'tokens of', 'to these', 'fact in', 'to the', 'two tokens', 'itself attending', 'in query', 'attending to', 'of query', 'these two', 'also query']"
7,10,15,1,subject and 'is' in premise and consequence attending to following property,"[""'is' in"", 'in premise', 'following property', ""and 'is'"", 'to following', 'and consequence', 'subject and', 'attending to', 'premise and', 'consequence attending']"
10,4,15,1,only very strong vertical sep lines,"['vertical sep lines', 'very strong', 'only very', 'vertical sep', 'strong vertical', 'sep lines']"
8,2,15,1,again attention patterns mostly inside block regions,"['attention patterns', 'mostly inside', 'again attention', 'inside block', 'patterns mostly', 'block regions']"
3,10,15,1,'is' and '.' attend to nearby property tokens,"['property tokens', 'property token', ""'.' attend"", 'nearby property', ""and '.'"", 'to nearby', ""'is' and"", 'attend to']"
3,10,15,1,properties attend to nearby dots,"['properties at', 'nearby dots', 'properties attend', 'to nearby', 'attend to']"
3,8,15,1,again all tokens attending to [SEP] and [CLS] tokens,"['and [CLS]', 'all tokens', '[SEP] and', 'tokens at', '[CLS] tokens', 'tokens attending', '[CLS] token', 'tokens attend', 'again all', 'attending to', 'to [SEP]']"
8,1,15,1,strong vertical sep lines,"['vertical sep lines', 'vertical sep', 'strong vertical', 'sep lines']"
8,1,15,1,further mostly noise,"['mostly noise', 'further mostly']"
6,1,15,1,'then' attending to 'if' of same if-statement,"[""'then' attending"", ""'if' of"", 'of same', 'attending to', 'same if-statement', ""to 'if'""]"
6,3,15,1,strong vertical lines,"['vertical line', 'strong vertical', 'vertical lines']"
6,4,15,1,[cls] tokens attend to subject of query fact in theory,"['query fact', 'fact in', 'tokens at', 'to subject', '[cls] tokens', 'tokens attend', 'of query', 'attend to', 'in the', '[cls] token', 'subject of', 'in theory']"
6,4,15,1,again block forming with lower triangular pattern: tokens attending to previous tokens inside block with similar statements,"['lower triangular', 'in block', 'with similar', 'forming with', 'with lower', 'tokens inside', 'tokens at', 'block forming', 'again block', 'block with', 'triangular pattern:', 'tokens in', 'previous tokens', 'pattern: tokens', 'tokens attending', 'similar statements', 'tokens attend', 'inside block', 'to previous', 'block form', 'attending to', 'previous token']"
6,4,15,1,sub patterns: 'is' and property attend to their subject,"['to the', 'property at', 'sub patterns:', 'property attend', ""'is' and"", 'to their', 'their subject', 'attend to', ""patterns: 'is'"", 'and property']"
6,6,15,1,tokens attending to next token: 'is' to property and previous dot to subject,"['tokens at', ""token: 'is'"", ""'is' to"", 'to subject', 'tokens attending', 'next token', 'previous dot', 'to property', 'tokens attend', 'property and', 'next token:', 'attending to', 'to next', 'and previous', 'dot to']"
6,9,15,1,sometimes property of fact also attends to 'is',"['sometimes property', 'fact also', ""to 'is'"", 'also attends', 'attends to', 'of fact', 'property of']"
6,9,15,1,entailed fact attends to [cls] tokens,"['attends to', '[cls] tokens', 'fact attends', 'to [cls]', '[cls] token', 'entailed fact']"
6,10,15,1,'is' and property of premise attend to subject of premise,"['premise attend', 'of premise', 'to subject', ""'is' and"", 'attend to', 'property of', 'subject of', 'and property']"
6,10,15,1,'then' attends to 'if',"[""'then' attends"", 'attends to', ""to 'if'""]"
6,10,15,1,'is' and property attend to both 'then' and subject of consequence,"[""'then' and"", 'and subject', 'to both', 'property at', 'of consequence', ""both 'then'"", 'property attend', ""'is' and"", 'attend to', 'subject of', 'and property']"
6,10,15,1,again [cls] tokens and query fact in both theory and query attending to subject and property of query fact in theory,"['query fact', 'again [cls]', 'fact in', 'to subject', '[cls] tokens', 'both theory', 'in both', 'query attending', 'tokens and', 'subject and', 'query attend', 'attending to', 'of query', 'property of', 'in the', 'and query', '[cls] token', 'in theory', 'theory and', 'and property']"
6,0,15,1,consequence attending to premise,"['to premise', 'attending to', 'consequence attending']"
6,0,15,1,'is' and more strongly property of query fact in theory attend to that same property of this fact in theory,"['query fact', 'of this', 'and more', 'fact in', 'same property', 'that same', 'more strongly', 'this fact', 'to that', ""'is' and"", 'strongly property', 'of query', 'attend to', 'property of', 'in the', 'in theory', 'theory attend']"
6,0,15,1,[cls] tokens attend to subject of query fact in theory,"['query fact', 'fact in', 'tokens at', 'to subject', '[cls] tokens', 'tokens attend', 'of query', 'attend to', 'in the', '[cls] token', 'subject of', 'in theory']"
6,8,15,1,'if' attends strongly to 'then',"['attends strongly', ""to 'then'"", ""'if' attends"", 'strongly to']"
7,2,15,1,again cls-tokens attending to query fact in query,"['query fact', 'fact in', 'tokens at', 'to query', 'cls-tokens attending', 'tokens attending', 'tokens attend', 'again cls-tokens', 'again cls', 'in query', 'attending to']"
7,2,15,1,again tokens attending to next token,"['tokens at', 'in to', 'tokens attending', 'next token', 'again tokens', 'tokens attend', 'attending to', 'to next', 'in tokens']"
5,0,15,1,facts and rules attend to property at the end of themselves (property is always last token of a fact or rule (excluding delimiters)),"['at the', 'rules attend', 'or rule', 'the end', 'rule (excluding', '(excluding delimiters))', 'of the', 'of a', 'token of', 'a fact', 'property at', 'facts and', 'end of', 'last token', '(property is', 'themselves (property', 'to property', 'attend to', 'and rules', 'is always', 'fact or', 'always last', 'of themselves']"
5,0,15,1,if-statement seems to sort of split attention into premise attending to property at end of premise and consequence attending to property at end of consequence,"['premise attending', 'at end', 'attention in', 'premise attend', 'of premise', 'if-statement seems', 'property at', 'of consequence', 'end of', 'to sort', 'split attention', 'to premise', 'sort of', 'and consequence', 'into premise', 'to property', 'of split', 'attending to', 'premise and', 'attention into', 'seems to', 'consequence attending']"
0,2,15,1,similar to a0.3 in d0,"['to a0.3', 'in d0', 'a0.3 in', 'similar to']"
0,2,15,1,strong attention to [cls] token at the end of the input by tokens at the end of the input,"['at the', 'the end', 'tokens at', 'of the', 'strong attention', 'attention to', 'end of', 'input by', 'by tokens', 'token at', 'to [cls]', 'the input', '[cls] token']"
0,2,15,1,strong attention to (second) [cls] token at the beginning of the input by tokens at the beginning of the input,"['at the', 'tokens at', 'of the', 'the beginning', 'strong attention', 'attention to', 'input by', 'by tokens', 'to (second)', 'beginning of', 'token at', 'the input', '[cls] token', '(second) [cls]']"
0,2,15,1,tokens attend to previous token,"['tokens at', 'tokens attend', 'to previous', 'attend to', 'previous token']"
10,7,17,3,again slightly vertical line,"['slightly vertical', 'vertical line', 'again slight', 'again slightly']"
10,9,17,3,again slight vertical line,"['vertical line', 'again slight', 'slight vertical']"
10,11,17,3,again only slight vertical line,"['only slight', 'again only', 'vertical line', 'slight vertical']"
10,11,17,3,(and some if-statement tokens attending very slightly),"['if-statement tokens', 'attending very', 'tokens at', 'very slightly)', 'some if-statement', 'tokens attending', 'very slightly', 'tokens attend', '(and some']"
9,0,17,3,similar pattern as for 'gary is quiet' for prompt 15 (where it is irrelevant),"['(where it', ""quiet' for"", 'is irrelevant)', 'prompt 15', ""is quiet'"", 'for prompt', 'pattern as', 'it is', '15 (where', 'as for', 'similar pattern', ""'gary is"", ""for 'gary""]"
9,0,17,3,strong attention seems to have shifted from last token (property) in theory to what is now last (irrelevant) token (property) in theory,"['shifted from', 'have shifted', 'attention seems', 'to what', 'what is', 'relevant) token', 'last (irrelevant)', 'now last', 'strong attention', 'token (property)', '(irrelevant) token', 'is now', 'to have', 'last token', 'theory to', 'from last', 'in the', 'in theory', 'seems to', '(property) in']"
10,5,17,3,now some significantly strong attention in if-statement,"['attention in', 'strong attention', 'now some', 'significantly strong', 'some significantly', 'in if-statement']"
9,9,17,3,if-statement relevant = little to no attention in this block in this case,"['little to', 'in this', 'this case', 'attention in', 'relevant =', 'block in', 'no attention', 'to no', '= little', 'this block', 'if-statement relevant']"
9,8,17,3,also new,['also new']
9,8,17,3,again very different if-statement pattern,"['different if-statement', 'very different', 'if-statement pattern', 'again very']"
9,2,17,3,again quite different if-statement pattern,"['different if-statement', 'quite different', 'again quite', 'if-statement pattern']"
9,2,17,3,interestingly 'if' attends very strongly to itself,"[""interestingly 'if'"", 'very strong', 'to its', 'to itself', ""'if' attends"", 'very strongly', 'attends very', 'strongly to']"
9,10,17,3,if-statement relevant = little to no attention in this block in this case,"['little to', 'in this', 'this case', 'attention in', 'relevant =', 'block in', 'no attention', 'to no', '= little', 'this block', 'if-statement relevant']"
9,4,17,3,again very different if-statement pattern,"['different if-statement', 'very different', 'if-statement pattern', 'again very']"
9,6,17,3,again very different if-statement pattern,"['different if-statement', 'very different', 'if-statement pattern', 'again very']"
9,7,17,3,again very different if-statement pattern,"['different if-statement', 'very different', 'if-statement pattern', 'again very']"
9,3,17,3,again very different if-statement pattern,"['different if-statement', 'very different', 'if-statement pattern', 'again very']"
9,3,17,3,interestingly very similar to the one for the previous head (a9.2),"['the one', 'interestingly very', 'for the', 'to the', 'the previous', 'previous head', 'very similar', 'similar to', 'one for', 'head (a9.2)']"
8,8,17,3,again now attention as statement irrelevant,"['again no', 'again now', 'in no', 'as statement', 'now attention', 'statement irrelevant', 'attention as']"
8,8,17,3,again no attention as these statements relevant,"['these statements', 'again no', 'as these', 'no attention', 'in no', 'statements relevant', 'attention as', 'as the']"
8,8,17,3,stronger leakage,['stronger leakage']
9,1,17,3,very strong attention form 'they' to 'someone' which it refers to,"['very strong', ""to 'someone'"", ""'they' to"", 'which it', 'strong attention', 'it refers', 'refers to', ""'someone' which"", ""form 'they'"", 'attention form']"
8,10,17,3,again less attention in if-statement apart from 1 pixel: they attending to 'someone'which it refers to,"[""to 'someone'which"", 'apart from', ""to 'someone'"", 'attention in', 'less attention', 'which it', '1 pixel:', 'pixel: they', 'it refers', 'refers to', 'again less', 'in if-statement', 'if-statement apart', 'attending to', 'from 1', 'they attending', ""'someone'which it""]"
8,11,17,3,again less attention in if-statement apart from 1 pixel: 'someone' attending to itself,"['apart from', 'attention in', 'to its', 'less attention', ""pixel: 'someone'"", 'to itself', '1 pixel:', 'again less', 'in if-statement', ""'someone' attending"", 'if-statement apart', 'attending to', 'from 1']"
8,9,17,3,noticeable strong attention from 'if' to 'then' and way weaker attention from and to other tokens in if-statement,"['noticeable strong', ""'then' and"", 'way weaker', ""'if' to"", 'weaker attention', 'strong attention', 'tokens in', ""to 'then'"", 'and way', 'attention from', 'from and', 'in if-statement', 'and to', 'other tokens', 'to other', ""from 'if'""]"
8,7,17,3,if-statement attending differently,"['attending differently', 'if-statement attending']"
9,5,17,3,again very different if-statement pattern,"['different if-statement', 'very different', 'if-statement pattern', 'again very']"
8,4,17,3,if-statement attending differently,"['attending differently', 'if-statement attending']"
7,3,17,3,overal same pattern but these two attentions way stronger (twice as strong),"['attentions way', '(twice as', 'overal same', 'pattern but', 'two attentions', 'as strong)', 'way stronger', 'but these', 'stronger (twice', 'same pattern', 'these two']"
7,1,17,3,different pattern for if-statement,"['different pattern', 'pattern for', 'for if-statement']"
7,1,17,3,now same L-pattern for this fact as for other non-relevant facts as now it is also not relevant,"['other non-relevant', 'also not', 'facts as', 'pattern for', 'fact as', 'same L-pattern', 'this fact', 'now same', 'is also', 'now it', 'not relevant', 'as now', 'it is', 'for other', 'for this', 'as for', 'relevant fact', 'non-relevant facts', 'L-pattern for']"
7,1,17,3,notice this attention to the query (and relevant fact in the theory) by the last dot of the theory however has stayed the same (but now shifted to relevant fact in theory),"['the last', 'theory however', 'this attention', 'fact in', 'last dot', 'to relevant', 'has stayed', 'of the', '(but now', 'the theory', 'dot of', 'query (and', 'to the', 'attention to', 'by the', 'stayed the', 'now shifted', 'same (but', 'theory) by', '(and relevant', 'however has', 'the same', 'the theory)', 'in the', 'relevant fact', 'in theory', 'in theory)', 'the query', 'notice this', 'shifted to']"
7,4,17,3,again if-statement seeping into query region,"['if-statement seeping', 'query region', 'to query', 'seeping into', 'again if-statement', 'in if-statement', 'into query']"
7,4,17,3,more attention (noise) between relevant fact in theory and query,"['fact in', '(noise) between', 'more attention', 'between relevant', 'in the', 'and query', 'relevant fact', 'attention (noise)', 'in theory', 'theory and']"
7,5,17,3,attends again as now not relevant anymore,"['attends again', 'now not', 'not relevant', 'as now', 'again as', 'relevant anymore']"
7,5,17,3,no attention anymore in relevant part,"['in relevant', 'relevant part', 'attention anymore', 'anymore in', 'no attention']"
7,7,17,3,query attending to 'is' of relevant fact in theory,"['of relevant', 'fact in', ""to 'is'"", ""'is' of"", 'query attending', 'query attend', 'attending to', 'in the', 'relevant fact', 'in theory']"
7,7,17,3,relevant tokens and cls tokens attending to relevant premise,"['cls tokens', 'tokens at', 'to relevant', 'and cls', 'relevant premise', 'tokens attending', 'relevant tokens', 'tokens and', 'tokens attend', 'attending to']"
7,7,17,3,leakage at relevant fact into query,"['fact in', 'to query', 'at relevant', 'fact into', 'leakage at', 'into query', 'relevant fact']"
7,7,17,3,leakage at relevant if-statement into query,"['to query', 'at relevant', 'relevant if-statement', 'leakage at', 'into query', 'if-statement into']"
7,8,17,3,if-statement attending and attended to differently,"['to differently', 'if-statement attending', 'and attended', 'attending and', 'attended to']"
7,8,17,3,now irrelevant fact acting the same as other irrelevant parts of input,"['relevant part', 'other irrelevant', 'of input', 'fact acting', 'as other', 'same as', 'now irrelevant', 'the same', 'irrelevant fact', 'parts of', 'irrelevant parts', 'relevant fact', 'acting the']"
7,8,17,3,leakage at relevant if-statement into query,"['to query', 'at relevant', 'relevant if-statement', 'leakage at', 'into query', 'if-statement into']"
7,8,17,3,leakage at relevant fact into query,"['fact in', 'to query', 'at relevant', 'fact into', 'leakage at', 'into query', 'relevant fact']"
7,0,17,3,no subblocks in if-statement,"['in if-statement', 'no subblocks', 'subblocks in']"
7,6,17,3,leakage at relevant if-statement into query,"['to query', 'at relevant', 'relevant if-statement', 'leakage at', 'into query', 'if-statement into']"
7,6,17,3,leakage at relevant fact into query,"['fact in', 'to query', 'at relevant', 'fact into', 'leakage at', 'into query', 'relevant fact']"
3,0,17,3,here already clear that query fact is not in theory,"['query fact', 'clear that', 'at query', 'that query', 'is not', 'already clear', 'not in', 'fact is', 'in the', 'here already', 'in theory']"
10,4,17,3,again vertical line,"['vertical line', 'again vertical']"
3,10,17,3,less pronounced than prompt 15,"['than prompt', 'pronounced than', 'prompt 15', 'less pronounced']"
3,10,17,3,more pronounced than prompt 15,"['than prompt', 'pronounced than', 'prompt 15', 'more pronounced']"
6,1,17,3,vertical pattern shifted from relevant subject for prompt 15 to relevant subject for this query (gary) in theory,"['15 to', 'shifted from', 'relevant subject', 'pattern shifted', 'to relevant', 'prompt 15', 'vertical pattern', 'subject for', 'query (gary)', 'from relevant', '(gary) in', 'for prompt', 'this query', 'in the', 'for this', 'in theory']"
6,2,17,3,picks up on property 'cold' being relevant,"['picks up', 'up on', 'being relevant', 'on property', ""property 'cold'"", ""'cold' being""]"
6,2,17,3,less pronounced,['less pronounced']
6,3,17,3,no leakage at query property position into query region,"['position in', 'no leakage', 'query region', 'to query', 'at query', 'query property', 'position into', 'leakage at', 'into query', 'property position']"
6,4,17,3,picks up on if-statement being important,"['being important', 'picks up', 'up on', 'if-statement being', 'on if-statement']"
6,4,17,3,picks up on this fact being not as important,"['not as', 'on this', 'picks up', 'as important', 'up on', 'this fact', 'fact being', 'being not']"
6,4,17,3,cls tokens and similar (and relevant) token sequences attending to relevant query has shifted to relevant query,"['cls tokens', 'query has', 'and similar', 'to relevant', 'relevant) token', 'sequences attending', 'token sequences', '(and relevant)', 'tokens and', 'similar (and', '(and relevant', 'attending to', 'relevant query', 'has shifted', 'shifted to']"
6,5,17,3,picks up on this fact being important,"['on this', 'being important', 'picks up', 'up on', 'this fact', 'fact being']"
6,5,17,3,picks up on fact being not important compared to prompt 15,"['picks up', 'prompt 15', 'up on', 'to prompt', 'on fact', 'important compared', 'compared to', 'not important', 'fact being', 'being not']"
6,6,17,3,property has become more important,"['more important', 'become more', 'property has', 'has become']"
6,6,17,3,last dot of theory attends to subject of query,"['theory attends', 'last dot', 'of the', 'dot of', 'to subject', 'attends to', 'of theory', 'of query', 'subject of', 'theory attend']"
6,9,17,3,quiet not attending to 'is',"[""to 'is'"", 'quiet not', 'not attending', 'attending to']"
6,9,17,3,attention to subject of relevant fact is new,"['of relevant', 'is new', 'to subject', 'attention to', 'fact is', 'subject of', 'relevant fact']"
6,9,17,3,now attention to 'quiet' instead of 'then',"[""'quiet' instead"", 'attention to', 'instead of', 'now attention', ""of 'then'"", ""to 'quiet'""]"
6,10,17,3,again attention (by relevant tokens and cls tokens) to property of consequence (which is relevant),"['cls tokens', '(by relevant', 'by relevant', 'and cls', 'of consequence', 'is relevant)', 'again attention', 'attention (by', 'relevant tokens', '(which is', 'tokens and', 'to property', 'cls tokens)', 'property of', 'consequence (which', 'tokens) to']"
6,10,17,3,this pattern shifted from relevant fact for prompt 15 to relevant fact for this prompt,"['15 to', 'shifted from', 'pattern shifted', 'fact for', 'to relevant', 'prompt 15', 'this pattern', 'this prompt', 'from relevant', 'for prompt', 'for this', 'relevant fact']"
6,10,17,3,almost no attention in if-statement,"['attention in', 'no attention', 'in if-statement', 'almost no']"
6,0,17,3,shifted compared to prompt 15 to relevant fact => picks up on relevant subject,"['15 to', 'on relevant', 'relevant subject', 'to relevant', 'fact =>', 'picks up', 'prompt 15', 'up on', 'shifted compared', 'to prompt', '=> picks', 'compared to', 'relevant fact']"
6,8,17,3,attention by relevant statements to subject of relevant fact in theory,"['statements to', 'by relevant', 'of relevant', 'fact in', 'to subject', 'relevant statements', 'attention by', 'in the', 'subject of', 'relevant fact', 'in theory']"
6,8,17,3,same property as in query in if-statement is attended to by itself and property in query,"['to by', 'query in', 'itself and', 'by itself', 'same property', 'if-statement is', 'is attended', 'property as', 'property in', 'in if-statement', 'in query', 'attended to', 'as in', 'and property']"
7,2,17,3,no block forming anymore but continuation of diagonal pattern like for other parts of theory,"['of diagonal', 'other parts', 'forming anymore', 'like for', 'block forming', 'of the', 'no block', 'of theory', 'pattern like', 'anymore but', 'continuation of', 'but continuation', 'for other', 'block form', 'diagonal pattern', 'parts of']"
7,2,17,3,again slight attention to query from if-statement,"['from if-statement', 'to query', 'attention to', 'query from', 'slight attention', 'again slight']"
7,2,17,3,attention from extra (relevant) parts to 'quiet',"['extra (relevant)', '(relevant) parts', 'attention from', ""to 'quiet'"", 'from extra', 'parts to']"
4,3,17,3,more pronounced,['more pronounced']
4,3,17,3,picks up on the property of the consequence being the same as the one of the query,"['on the', 'the property', 'the one', 'of the', 'picks up', 'up on', 'the consequence', 'consequence being', 'being the', 'same as', 'the same', 'one of', 'property of', 'as the', 'the query']"
4,3,17,3,picks up on the fact in the theory and the query having the same subject (and 'is' token) (but not the same property),"['on the', 'query having', 'same property)', 'subject (and', ""'is' token"", 'fact in', 'having the', ""and 'is'"", 'picks up', '(but not', 'the theory', 'same subject', 'and the', 'same property', ""'is' to"", 'up on', 'token) (but', ""(and 'is'"", 'not the', 'the same', 'the fact', 'in the', 'theory and', ""'is' token)"", 'the query']"
10,8,18,4,again very strong attention from relevant tokens to 'not',"['very strong', 'strong attention', 'from relevant', 'relevant tokens', 'attention from', 'again very', 'tokens to', ""to 'not'""]"
10,0,18,4,interestingly patterns to and from relevant tokens for tyupe 3 (prompt 17) have disappeared,"['tokens for', '(prompt 17)', '17) have', 'interestingly patterns', 'from relevant', 'to and', 'relevant tokens', 'and from', 'patterns to', 'prompt 17', 'for tyupe', 'tyupe 3', '3 (prompt', 'have disappeared']"
10,9,18,4,again very strong attention from relevant tokens to 'not',"['very strong', 'strong attention', 'from relevant', 'relevant tokens', 'attention from', 'again very', 'tokens to', ""to 'not'""]"
9,9,18,4,again very strong attention from relevant tokens to 'not',"['very strong', 'strong attention', 'from relevant', 'relevant tokens', 'attention from', 'again very', 'tokens to', ""to 'not'""]"
8,11,18,4,attention from relevant tokens to 'not',"['from relevant', 'relevant tokens', 'attention from', 'tokens to', ""to 'not'""]"
8,7,18,4,strong attention from relevant tokens to 'not',"['strong attention', 'from relevant', 'relevant tokens', 'attention from', 'tokens to', ""to 'not'""]"
8,8,18,4,strong attention from relevant tokens to 'not',"['strong attention', 'from relevant', 'relevant tokens', 'attention from', 'tokens to', ""to 'not'""]"
7,3,18,4,again relevant tokens attending to 'not' in query,"['in relevant', 'again relevant', 'tokens at', 'tokens attending', ""'not' in"", 'relevant tokens', 'tokens attend', 'in query', 'attending to', ""to 'not'""]"
8,4,18,4,not attending to relevant subject in fact in theory,"['relevant subject', 'fact in', 'to relevant', 'subject in', 'not attending', 'attending to', 'in the', 'in fact', 'in theory']"
8,0,18,4,no leakage form relevant tokens into query region anymore (except for attending to 'not' token),"['no leakage', 'for attending', 'anymore (except', 'query region', 'form relevant', 'to query', 'tokens into', 'tokens in', '(except for', 'region anymore', 'leakage form', 'except for', 'relevant tokens', 'attending to', 'into query', ""'not' token)"", ""to 'not'""]"
8,0,18,4,if-statement attends and is attended to way less,"['way less', 'statement attends', 'attends and', 'to way', 'is attended', 'if-statement attends', 'and is', 'attended to']"
7,1,18,4,again relevant tokens attending to 'not' in query,"['in relevant', 'again relevant', 'tokens at', 'tokens attending', ""'not' in"", 'relevant tokens', 'tokens attend', 'in query', 'attending to', ""to 'not'""]"
7,4,18,4,again relevant tokens attending to 'not' in query,"['in relevant', 'again relevant', 'tokens at', 'tokens attending', ""'not' in"", 'relevant tokens', 'tokens attend', 'in query', 'attending to', ""to 'not'""]"
7,5,18,4,again relevant tokens attending to 'not' in query,"['in relevant', 'again relevant', 'tokens at', 'tokens attending', ""'not' in"", 'relevant tokens', 'tokens attend', 'in query', 'attending to', ""to 'not'""]"
7,7,18,4,also not attending strongly to some relevant tokens itself,"['also not', 'to some', 'relevant tokens', 'not attending', 'tokens itself', 'strongly to', 'some relevant', 'attending strongly']"
7,7,18,4,again relevant tokens attending to 'not' in query,"['in relevant', 'again relevant', 'tokens at', 'tokens attending', ""'not' in"", 'relevant tokens', 'tokens attend', 'in query', 'attending to', ""to 'not'""]"
7,0,18,4,again relevant tokens attending to 'not' in query,"['in relevant', 'again relevant', 'tokens at', 'tokens attending', ""'not' in"", 'relevant tokens', 'tokens attend', 'in query', 'attending to', ""to 'not'""]"
7,9,18,4,again relevant tokens attending to 'not' in query,"['in relevant', 'again relevant', 'tokens at', 'tokens attending', ""'not' in"", 'relevant tokens', 'tokens attend', 'in query', 'attending to', ""to 'not'""]"
7,11,18,4,'not' attends to subject,"['to subject', 'attends to', ""'not' attends""]"
7,6,18,4,again relevant tokens attending to 'not' in query,"['in relevant', 'again relevant', 'tokens at', 'tokens attending', ""'not' in"", 'relevant tokens', 'tokens attend', 'in query', 'attending to', ""to 'not'""]"
3,9,18,4,not attends together with other first tokens of query to property of query,"['other first', 'query to', 'tokens of', 'together with', 'with other', 'attends to', 'first tokens', 'not attends', 'to property', 'attends together', 'of query', 'property of']"
3,11,18,4,similarly as in prompt 17 tokens of query after subject attends to subject (now thus including 'not'),"['tokens of', 'subject (now', '17 tokens', ""including 'not')"", 'to subject', 'attends to', 'after subject', 'thus including', 'in prompt', '(now thus', 'similarly as', 'subject attends', 'prompt 17', 'of query', 'query after', 'as in']"
3,0,18,4,does not seem to take notion of  'not' except here,"['except here', 'not seem', 'to take', 'take notion', 'does not', 'notion of', ""'not' except"", 'seem to']"
3,5,18,4,property attends strongly to 'not' (which negates that property),"['property attends', 'attends strongly', 'property at', 'negates that', ""'not' (which"", 'property attend', '(which negates', 'that property)', ""to 'not'"", 'strongly to']"
3,6,18,4,-  again not more important than 'is' but less so than the subjext and property,"['the subjext', 'not more', 'more important', 'subjext and', 'again no', 'than the', 'important than', 'but less', 'in no', ""'is' but"", 'so than', 'again not', 'and property', ""than 'is'"", 'less so']"
3,6,18,4,interestingly attends to 'if',"['attends to', ""to 'if'"", 'interestingly attends']"
7,10,18,4,again relevant tokens attending to 'not' in query,"['in relevant', 'again relevant', 'tokens at', 'tokens attending', ""'not' in"", 'relevant tokens', 'tokens attend', 'in query', 'attending to', ""to 'not'""]"
3,10,18,4,property also attends to not,"['also attends', 'to not', 'attends to', 'property also', 'to no']"
3,10,18,4,again not attends to its property,"['its property', 'to its', 'again no', 'attends to', 'in no', 'not attends', 'again not']"
6,3,18,4,once more query property attends to not,"['more query', 'property attends', 'once more', 'to not', 'attends to', 'property at', 'to no', 'property attend', 'query property']"
6,4,18,4,last dot of theory and dot of query attend to 'not',"['last dot', 'of the', 'dot of', 'of theory', 'and dot', 'query attend', 'of query', 'attend to', ""to 'not'"", 'theory and']"
6,5,18,4,cls tokens and two dots attend to 'not',"['cls tokens', 'and two', 'two dots', 'dots attend', 'tokens and', 'attend to', ""to 'not'""]"
6,6,18,4,slight relevant attentions to 'not',"['slight relevant', 'relevant attentions', 'relevant attention', ""to 'not'"", 'attentions to']"
6,7,18,4,slight relevant attention to 'not',"['slight relevant', 'attention to', 'relevant attention', ""to 'not'""]"
6,9,18,4,not attending to relevant tokens,"['to relevant', 'relevant tokens', 'not attending', 'attending to']"
6,8,18,4,again slight relevant attentions to 'not',"['slight relevant', 'relevant attentions', 'relevant attention', 'again slight', ""to 'not'"", 'attentions to']"
